{
    "version": "https://jsonfeed.org/version/1",
    "title": "Your Blog name",
    "home_page_url": "https://newsweb.wrteam.me",
    "feed_url": "https://newsweb.wrteam.me/rss/feed.json",
    "description": "Your Blog description",
    "icon": "https://newsweb.wrteam.me/favicon.ico",
    "author": {
        "name": "John Doe",
        "url": "https://twitter.com/<username>"
    },
    "items": [
        {
            "id": "https://newsweb.wrteam.me/blog/sample-blog-post-2",
            "content_html": "This is the second sample blog postt.",
            "url": "https://newsweb.wrteam.me/blog/sample-blog-post-2",
            "title": "Sample Blog Post 2",
            "summary": "This is the second sample blog post",
            "date_modified": "2023-02-19T18:30:00.000Z",
            "author": {
                "name": "John Doe",
                "url": "https://twitter.com/<username>"
            }
        },
        {
            "id": "https://newsweb.wrteam.me/blog/sample-blog-post-3",
            "content_html": "This is the 3 sample blog postt.",
            "url": "https://newsweb.wrteam.me/blog/sample-blog-post-3",
            "title": "Sample Blog Post 3",
            "summary": "This is the 3 sample blog post",
            "date_modified": "2023-02-19T18:30:00.000Z",
            "author": {
                "name": "John Doe",
                "url": "https://twitter.com/<username>"
            }
        },
        {
            "id": "https://newsweb.wrteam.me/blog/sample-blog-post-1",
            "content_html": "This is the first sample blog postt.",
            "url": "https://newsweb.wrteam.me/blog/sample-blog-post-1",
            "title": "Sample Blog Post 1",
            "summary": "This is the first sample blog post",
            "date_modified": "2023-01-14T18:30:00.000Z",
            "author": {
                "name": "John Doe",
                "url": "https://twitter.com/<username>"
            }
        }
    ]
}